Country,Year,AverageMagnitude,AverageTemperature
GREECE,2000,5.65,60.212
GREECE,2001,5.5,60.67685
GREECE,2002,5.825000000000001,60.120200000000004
GREECE,2003,5.9,59.85065
GREECE,2004,5.6,59.8202
GREECE,2006,6.7,59.3828
GREECE,2007,5.7,60.949850000000005
GREECE,2008,6.300000000000001,60.89885
GREECE,2010,5.5,61.46825000000001
GREECE,2012,5.8,60.8711
