Country,Year,AverageMagnitude,AverageTemperature
IRAN,2002,6.05,66.45635
IRAN,2004,6.3,66.46985000000001
IRAN,2006,6.1,66.58145
IRAN,2007,5.5,65.73275000000001
IRAN,2010,5.65,68.1623
IRAN,2012,6.300000000000001,66.1274
