Country,Year,AverageMagnitude,AverageTemperature
TURKEY,2000,5.775,53.96345
TURKEY,2001,5.5,55.909850000000006
TURKEY,2002,6.0,54.2102
TURKEY,2003,5.86,54.1964
TURKEY,2004,5.633333333333333,54.1583
TURKEY,2005,5.640000000000001,54.37925
TURKEY,2007,5.625,55.0676
TURKEY,2010,5.85,57.70700000000001
TURKEY,2011,5.822222222222222,53.4461
