Country,Year,AverageMagnitude,AverageTemperature
PAKISTAN,2004,5.5,71.85754999999999
PAKISTAN,2005,5.840000000000001,70.29035
PAKISTAN,2009,5.5,71.44055
